"","Sat","Infl","Type","Cont"
"1","Low","Low","Tower","Low"
"2","Low","Low","Tower","Low"
"3","Low","Low","Tower","Low"
"4","Low","Low","Tower","Low"
"5","Low","Low","Tower","Low"
"6","Low","Low","Tower","Low"
"7","Low","Low","Tower","Low"
"8","Low","Low","Tower","Low"
"9","Low","Low","Tower","Low"
"10","Low","Low","Tower","Low"
"11","Low","Low","Tower","Low"
"12","Low","Low","Tower","Low"
"13","Low","Low","Tower","Low"
"14","Low","Low","Tower","Low"
"15","Low","Low","Tower","Low"
"16","Low","Low","Tower","Low"
"17","Low","Low","Tower","Low"
"18","Low","Low","Tower","Low"
"19","Low","Low","Tower","Low"
"20","Low","Low","Tower","Low"
"21","Low","Low","Tower","Low"
"22","Low","Low","Tower","High"
"23","Low","Low","Tower","High"
"24","Low","Low","Tower","High"
"25","Low","Low","Tower","High"
"26","Low","Low","Tower","High"
"27","Low","Low","Tower","High"
"28","Low","Low","Tower","High"
"29","Low","Low","Tower","High"
"30","Low","Low","Tower","High"
"31","Low","Low","Tower","High"
"32","Low","Low","Tower","High"
"33","Low","Low","Tower","High"
"34","Low","Low","Tower","High"
"35","Low","Low","Tower","High"
"36","Low","Low","Apartment","Low"
"37","Low","Low","Apartment","Low"
"38","Low","Low","Apartment","Low"
"39","Low","Low","Apartment","Low"
"40","Low","Low","Apartment","Low"
"41","Low","Low","Apartment","Low"
"42","Low","Low","Apartment","Low"
"43","Low","Low","Apartment","Low"
"44","Low","Low","Apartment","Low"
"45","Low","Low","Apartment","Low"
"46","Low","Low","Apartment","Low"
"47","Low","Low","Apartment","Low"
"48","Low","Low","Apartment","Low"
"49","Low","Low","Apartment","Low"
"50","Low","Low","Apartment","Low"
"51","Low","Low","Apartment","Low"
"52","Low","Low","Apartment","Low"
"53","Low","Low","Apartment","Low"
"54","Low","Low","Apartment","Low"
"55","Low","Low","Apartment","Low"
"56","Low","Low","Apartment","Low"
"57","Low","Low","Apartment","Low"
"58","Low","Low","Apartment","Low"
"59","Low","Low","Apartment","Low"
"60","Low","Low","Apartment","Low"
"61","Low","Low","Apartment","Low"
"62","Low","Low","Apartment","Low"
"63","Low","Low","Apartment","Low"
"64","Low","Low","Apartment","Low"
"65","Low","Low","Apartment","Low"
"66","Low","Low","Apartment","Low"
"67","Low","Low","Apartment","Low"
"68","Low","Low","Apartment","Low"
"69","Low","Low","Apartment","Low"
"70","Low","Low","Apartment","Low"
"71","Low","Low","Apartment","Low"
"72","Low","Low","Apartment","Low"
"73","Low","Low","Apartment","Low"
"74","Low","Low","Apartment","Low"
"75","Low","Low","Apartment","Low"
"76","Low","Low","Apartment","Low"
"77","Low","Low","Apartment","Low"
"78","Low","Low","Apartment","Low"
"79","Low","Low","Apartment","Low"
"80","Low","Low","Apartment","Low"
"81","Low","Low","Apartment","Low"
"82","Low","Low","Apartment","Low"
"83","Low","Low","Apartment","Low"
"84","Low","Low","Apartment","Low"
"85","Low","Low","Apartment","Low"
"86","Low","Low","Apartment","Low"
"87","Low","Low","Apartment","Low"
"88","Low","Low","Apartment","Low"
"89","Low","Low","Apartment","Low"
"90","Low","Low","Apartment","Low"
"91","Low","Low","Apartment","Low"
"92","Low","Low","Apartment","Low"
"93","Low","Low","Apartment","Low"
"94","Low","Low","Apartment","Low"
"95","Low","Low","Apartment","Low"
"96","Low","Low","Apartment","Low"
"97","Low","Low","Apartment","High"
"98","Low","Low","Apartment","High"
"99","Low","Low","Apartment","High"
"100","Low","Low","Apartment","High"
"101","Low","Low","Apartment","High"
"102","Low","Low","Apartment","High"
"103","Low","Low","Apartment","High"
"104","Low","Low","Apartment","High"
"105","Low","Low","Apartment","High"
"106","Low","Low","Apartment","High"
"107","Low","Low","Apartment","High"
"108","Low","Low","Apartment","High"
"109","Low","Low","Apartment","High"
"110","Low","Low","Apartment","High"
"111","Low","Low","Apartment","High"
"112","Low","Low","Apartment","High"
"113","Low","Low","Apartment","High"
"114","Low","Low","Apartment","High"
"115","Low","Low","Apartment","High"
"116","Low","Low","Apartment","High"
"117","Low","Low","Apartment","High"
"118","Low","Low","Apartment","High"
"119","Low","Low","Apartment","High"
"120","Low","Low","Apartment","High"
"121","Low","Low","Apartment","High"
"122","Low","Low","Apartment","High"
"123","Low","Low","Apartment","High"
"124","Low","Low","Apartment","High"
"125","Low","Low","Apartment","High"
"126","Low","Low","Apartment","High"
"127","Low","Low","Apartment","High"
"128","Low","Low","Apartment","High"
"129","Low","Low","Apartment","High"
"130","Low","Low","Apartment","High"
"131","Low","Low","Apartment","High"
"132","Low","Low","Apartment","High"
"133","Low","Low","Apartment","High"
"134","Low","Low","Apartment","High"
"135","Low","Low","Apartment","High"
"136","Low","Low","Apartment","High"
"137","Low","Low","Apartment","High"
"138","Low","Low","Apartment","High"
"139","Low","Low","Apartment","High"
"140","Low","Low","Apartment","High"
"141","Low","Low","Apartment","High"
"142","Low","Low","Apartment","High"
"143","Low","Low","Apartment","High"
"144","Low","Low","Apartment","High"
"145","Low","Low","Apartment","High"
"146","Low","Low","Apartment","High"
"147","Low","Low","Apartment","High"
"148","Low","Low","Apartment","High"
"149","Low","Low","Apartment","High"
"150","Low","Low","Apartment","High"
"151","Low","Low","Apartment","High"
"152","Low","Low","Apartment","High"
"153","Low","Low","Apartment","High"
"154","Low","Low","Apartment","High"
"155","Low","Low","Apartment","High"
"156","Low","Low","Apartment","High"
"157","Low","Low","Apartment","High"
"158","Low","Low","Apartment","High"
"159","Low","Low","Apartment","High"
"160","Low","Low","Apartment","High"
"161","Low","Low","Apartment","High"
"162","Low","Low","Apartment","High"
"163","Low","Low","Apartment","High"
"164","Low","Low","Apartment","High"
"165","Low","Low","Apartment","High"
"166","Low","Low","Apartment","High"
"167","Low","Low","Apartment","High"
"168","Low","Low","Apartment","High"
"169","Low","Low","Apartment","High"
"170","Low","Low","Apartment","High"
"171","Low","Low","Apartment","High"
"172","Low","Low","Apartment","High"
"173","Low","Low","Apartment","High"
"174","Low","Low","Apartment","High"
"175","Low","Low","Atrium","Low"
"176","Low","Low","Atrium","Low"
"177","Low","Low","Atrium","Low"
"178","Low","Low","Atrium","Low"
"179","Low","Low","Atrium","Low"
"180","Low","Low","Atrium","Low"
"181","Low","Low","Atrium","Low"
"182","Low","Low","Atrium","Low"
"183","Low","Low","Atrium","Low"
"184","Low","Low","Atrium","Low"
"185","Low","Low","Atrium","Low"
"186","Low","Low","Atrium","Low"
"187","Low","Low","Atrium","Low"
"188","Low","Low","Atrium","High"
"189","Low","Low","Atrium","High"
"190","Low","Low","Atrium","High"
"191","Low","Low","Atrium","High"
"192","Low","Low","Atrium","High"
"193","Low","Low","Atrium","High"
"194","Low","Low","Atrium","High"
"195","Low","Low","Atrium","High"
"196","Low","Low","Atrium","High"
"197","Low","Low","Atrium","High"
"198","Low","Low","Atrium","High"
"199","Low","Low","Atrium","High"
"200","Low","Low","Atrium","High"
"201","Low","Low","Atrium","High"
"202","Low","Low","Atrium","High"
"203","Low","Low","Atrium","High"
"204","Low","Low","Atrium","High"
"205","Low","Low","Atrium","High"
"206","Low","Low","Atrium","High"
"207","Low","Low","Atrium","High"
"208","Low","Low","Terrace","Low"
"209","Low","Low","Terrace","Low"
"210","Low","Low","Terrace","Low"
"211","Low","Low","Terrace","Low"
"212","Low","Low","Terrace","Low"
"213","Low","Low","Terrace","Low"
"214","Low","Low","Terrace","Low"
"215","Low","Low","Terrace","Low"
"216","Low","Low","Terrace","Low"
"217","Low","Low","Terrace","Low"
"218","Low","Low","Terrace","Low"
"219","Low","Low","Terrace","Low"
"220","Low","Low","Terrace","Low"
"221","Low","Low","Terrace","Low"
"222","Low","Low","Terrace","Low"
"223","Low","Low","Terrace","Low"
"224","Low","Low","Terrace","Low"
"225","Low","Low","Terrace","Low"
"226","Low","Low","Terrace","High"
"227","Low","Low","Terrace","High"
"228","Low","Low","Terrace","High"
"229","Low","Low","Terrace","High"
"230","Low","Low","Terrace","High"
"231","Low","Low","Terrace","High"
"232","Low","Low","Terrace","High"
"233","Low","Low","Terrace","High"
"234","Low","Low","Terrace","High"
"235","Low","Low","Terrace","High"
"236","Low","Low","Terrace","High"
"237","Low","Low","Terrace","High"
"238","Low","Low","Terrace","High"
"239","Low","Low","Terrace","High"
"240","Low","Low","Terrace","High"
"241","Low","Low","Terrace","High"
"242","Low","Low","Terrace","High"
"243","Low","Low","Terrace","High"
"244","Low","Low","Terrace","High"
"245","Low","Low","Terrace","High"
"246","Low","Low","Terrace","High"
"247","Low","Low","Terrace","High"
"248","Low","Low","Terrace","High"
"249","Low","Low","Terrace","High"
"250","Low","Low","Terrace","High"
"251","Low","Low","Terrace","High"
"252","Low","Low","Terrace","High"
"253","Low","Low","Terrace","High"
"254","Low","Low","Terrace","High"
"255","Low","Low","Terrace","High"
"256","Low","Low","Terrace","High"
"257","Low","Low","Terrace","High"
"258","Low","Low","Terrace","High"
"259","Low","Low","Terrace","High"
"260","Low","Low","Terrace","High"
"261","Low","Low","Terrace","High"
"262","Low","Low","Terrace","High"
"263","Low","Low","Terrace","High"
"264","Low","Low","Terrace","High"
"265","Low","Low","Terrace","High"
"266","Low","Low","Terrace","High"
"267","Low","Low","Terrace","High"
"268","Low","Low","Terrace","High"
"269","Low","Low","Terrace","High"
"270","Low","Low","Terrace","High"
"271","Low","Low","Terrace","High"
"272","Low","Low","Terrace","High"
"273","Low","Low","Terrace","High"
"274","Low","Low","Terrace","High"
"275","Low","Low","Terrace","High"
"276","Low","Low","Terrace","High"
"277","Low","Low","Terrace","High"
"278","Low","Low","Terrace","High"
"279","Low","Low","Terrace","High"
"280","Low","Low","Terrace","High"
"281","Low","Low","Terrace","High"
"282","Low","Low","Terrace","High"
"283","Low","Medium","Tower","Low"
"284","Low","Medium","Tower","Low"
"285","Low","Medium","Tower","Low"
"286","Low","Medium","Tower","Low"
"287","Low","Medium","Tower","Low"
"288","Low","Medium","Tower","Low"
"289","Low","Medium","Tower","Low"
"290","Low","Medium","Tower","Low"
"291","Low","Medium","Tower","Low"
"292","Low","Medium","Tower","Low"
"293","Low","Medium","Tower","Low"
"294","Low","Medium","Tower","Low"
"295","Low","Medium","Tower","Low"
"296","Low","Medium","Tower","Low"
"297","Low","Medium","Tower","Low"
"298","Low","Medium","Tower","Low"
"299","Low","Medium","Tower","Low"
"300","Low","Medium","Tower","Low"
"301","Low","Medium","Tower","Low"
"302","Low","Medium","Tower","Low"
"303","Low","Medium","Tower","Low"
"304","Low","Medium","Tower","Low"
"305","Low","Medium","Tower","Low"
"306","Low","Medium","Tower","Low"
"307","Low","Medium","Tower","Low"
"308","Low","Medium","Tower","Low"
"309","Low","Medium","Tower","Low"
"310","Low","Medium","Tower","Low"
"311","Low","Medium","Tower","Low"
"312","Low","Medium","Tower","Low"
"313","Low","Medium","Tower","Low"
"314","Low","Medium","Tower","Low"
"315","Low","Medium","Tower","Low"
"316","Low","Medium","Tower","Low"
"317","Low","Medium","Tower","High"
"318","Low","Medium","Tower","High"
"319","Low","Medium","Tower","High"
"320","Low","Medium","Tower","High"
"321","Low","Medium","Tower","High"
"322","Low","Medium","Tower","High"
"323","Low","Medium","Tower","High"
"324","Low","Medium","Tower","High"
"325","Low","Medium","Tower","High"
"326","Low","Medium","Tower","High"
"327","Low","Medium","Tower","High"
"328","Low","Medium","Tower","High"
"329","Low","Medium","Tower","High"
"330","Low","Medium","Tower","High"
"331","Low","Medium","Tower","High"
"332","Low","Medium","Tower","High"
"333","Low","Medium","Tower","High"
"334","Low","Medium","Apartment","Low"
"335","Low","Medium","Apartment","Low"
"336","Low","Medium","Apartment","Low"
"337","Low","Medium","Apartment","Low"
"338","Low","Medium","Apartment","Low"
"339","Low","Medium","Apartment","Low"
"340","Low","Medium","Apartment","Low"
"341","Low","Medium","Apartment","Low"
"342","Low","Medium","Apartment","Low"
"343","Low","Medium","Apartment","Low"
"344","Low","Medium","Apartment","Low"
"345","Low","Medium","Apartment","Low"
"346","Low","Medium","Apartment","Low"
"347","Low","Medium","Apartment","Low"
"348","Low","Medium","Apartment","Low"
"349","Low","Medium","Apartment","Low"
"350","Low","Medium","Apartment","Low"
"351","Low","Medium","Apartment","Low"
"352","Low","Medium","Apartment","Low"
"353","Low","Medium","Apartment","Low"
"354","Low","Medium","Apartment","Low"
"355","Low","Medium","Apartment","Low"
"356","Low","Medium","Apartment","Low"
"357","Low","Medium","Apartment","Low"
"358","Low","Medium","Apartment","Low"
"359","Low","Medium","Apartment","Low"
"360","Low","Medium","Apartment","Low"
"361","Low","Medium","Apartment","Low"
"362","Low","Medium","Apartment","Low"
"363","Low","Medium","Apartment","Low"
"364","Low","Medium","Apartment","Low"
"365","Low","Medium","Apartment","Low"
"366","Low","Medium","Apartment","Low"
"367","Low","Medium","Apartment","Low"
"368","Low","Medium","Apartment","Low"
"369","Low","Medium","Apartment","Low"
"370","Low","Medium","Apartment","Low"
"371","Low","Medium","Apartment","Low"
"372","Low","Medium","Apartment","Low"
"373","Low","Medium","Apartment","Low"
"374","Low","Medium","Apartment","Low"
"375","Low","Medium","Apartment","Low"
"376","Low","Medium","Apartment","Low"
"377","Low","Medium","Apartment","High"
"378","Low","Medium","Apartment","High"
"379","Low","Medium","Apartment","High"
"380","Low","Medium","Apartment","High"
"381","Low","Medium","Apartment","High"
"382","Low","Medium","Apartment","High"
"383","Low","Medium","Apartment","High"
"384","Low","Medium","Apartment","High"
"385","Low","Medium","Apartment","High"
"386","Low","Medium","Apartment","High"
"387","Low","Medium","Apartment","High"
"388","Low","Medium","Apartment","High"
"389","Low","Medium","Apartment","High"
"390","Low","Medium","Apartment","High"
"391","Low","Medium","Apartment","High"
"392","Low","Medium","Apartment","High"
"393","Low","Medium","Apartment","High"
"394","Low","Medium","Apartment","High"
"395","Low","Medium","Apartment","High"
"396","Low","Medium","Apartment","High"
"397","Low","Medium","Apartment","High"
"398","Low","Medium","Apartment","High"
"399","Low","Medium","Apartment","High"
"400","Low","Medium","Apartment","High"
"401","Low","Medium","Apartment","High"
"402","Low","Medium","Apartment","High"
"403","Low","Medium","Apartment","High"
"404","Low","Medium","Apartment","High"
"405","Low","Medium","Apartment","High"
"406","Low","Medium","Apartment","High"
"407","Low","Medium","Apartment","High"
"408","Low","Medium","Apartment","High"
"409","Low","Medium","Apartment","High"
"410","Low","Medium","Apartment","High"
"411","Low","Medium","Apartment","High"
"412","Low","Medium","Apartment","High"
"413","Low","Medium","Apartment","High"
"414","Low","Medium","Apartment","High"
"415","Low","Medium","Apartment","High"
"416","Low","Medium","Apartment","High"
"417","Low","Medium","Apartment","High"
"418","Low","Medium","Apartment","High"
"419","Low","Medium","Apartment","High"
"420","Low","Medium","Apartment","High"
"421","Low","Medium","Apartment","High"
"422","Low","Medium","Apartment","High"
"423","Low","Medium","Apartment","High"
"424","Low","Medium","Apartment","High"
"425","Low","Medium","Atrium","Low"
"426","Low","Medium","Atrium","Low"
"427","Low","Medium","Atrium","Low"
"428","Low","Medium","Atrium","Low"
"429","Low","Medium","Atrium","Low"
"430","Low","Medium","Atrium","Low"
"431","Low","Medium","Atrium","Low"
"432","Low","Medium","Atrium","Low"
"433","Low","Medium","Atrium","High"
"434","Low","Medium","Atrium","High"
"435","Low","Medium","Atrium","High"
"436","Low","Medium","Atrium","High"
"437","Low","Medium","Atrium","High"
"438","Low","Medium","Atrium","High"
"439","Low","Medium","Atrium","High"
"440","Low","Medium","Atrium","High"
"441","Low","Medium","Atrium","High"
"442","Low","Medium","Atrium","High"
"443","Low","Medium","Terrace","Low"
"444","Low","Medium","Terrace","Low"
"445","Low","Medium","Terrace","Low"
"446","Low","Medium","Terrace","Low"
"447","Low","Medium","Terrace","Low"
"448","Low","Medium","Terrace","Low"
"449","Low","Medium","Terrace","Low"
"450","Low","Medium","Terrace","Low"
"451","Low","Medium","Terrace","Low"
"452","Low","Medium","Terrace","Low"
"453","Low","Medium","Terrace","Low"
"454","Low","Medium","Terrace","Low"
"455","Low","Medium","Terrace","Low"
"456","Low","Medium","Terrace","Low"
"457","Low","Medium","Terrace","Low"
"458","Low","Medium","Terrace","High"
"459","Low","Medium","Terrace","High"
"460","Low","Medium","Terrace","High"
"461","Low","Medium","Terrace","High"
"462","Low","Medium","Terrace","High"
"463","Low","Medium","Terrace","High"
"464","Low","Medium","Terrace","High"
"465","Low","Medium","Terrace","High"
"466","Low","Medium","Terrace","High"
"467","Low","Medium","Terrace","High"
"468","Low","Medium","Terrace","High"
"469","Low","Medium","Terrace","High"
"470","Low","Medium","Terrace","High"
"471","Low","Medium","Terrace","High"
"472","Low","Medium","Terrace","High"
"473","Low","Medium","Terrace","High"
"474","Low","Medium","Terrace","High"
"475","Low","Medium","Terrace","High"
"476","Low","Medium","Terrace","High"
"477","Low","Medium","Terrace","High"
"478","Low","Medium","Terrace","High"
"479","Low","Medium","Terrace","High"
"480","Low","Medium","Terrace","High"
"481","Low","Medium","Terrace","High"
"482","Low","Medium","Terrace","High"
"483","Low","Medium","Terrace","High"
"484","Low","Medium","Terrace","High"
"485","Low","Medium","Terrace","High"
"486","Low","Medium","Terrace","High"
"487","Low","Medium","Terrace","High"
"488","Low","Medium","Terrace","High"
"489","Low","High","Tower","Low"
"490","Low","High","Tower","Low"
"491","Low","High","Tower","Low"
"492","Low","High","Tower","Low"
"493","Low","High","Tower","Low"
"494","Low","High","Tower","Low"
"495","Low","High","Tower","Low"
"496","Low","High","Tower","Low"
"497","Low","High","Tower","Low"
"498","Low","High","Tower","Low"
"499","Low","High","Tower","High"
"500","Low","High","Tower","High"
"501","Low","High","Tower","High"
"502","Low","High","Apartment","Low"
"503","Low","High","Apartment","Low"
"504","Low","High","Apartment","Low"
"505","Low","High","Apartment","Low"
"506","Low","High","Apartment","Low"
"507","Low","High","Apartment","Low"
"508","Low","High","Apartment","Low"
"509","Low","High","Apartment","Low"
"510","Low","High","Apartment","Low"
"511","Low","High","Apartment","Low"
"512","Low","High","Apartment","Low"
"513","Low","High","Apartment","Low"
"514","Low","High","Apartment","Low"
"515","Low","High","Apartment","Low"
"516","Low","High","Apartment","Low"
"517","Low","High","Apartment","Low"
"518","Low","High","Apartment","Low"
"519","Low","High","Apartment","Low"
"520","Low","High","Apartment","Low"
"521","Low","High","Apartment","Low"
"522","Low","High","Apartment","Low"
"523","Low","High","Apartment","Low"
"524","Low","High","Apartment","Low"
"525","Low","High","Apartment","Low"
"526","Low","High","Apartment","Low"
"527","Low","High","Apartment","Low"
"528","Low","High","Apartment","High"
"529","Low","High","Apartment","High"
"530","Low","High","Apartment","High"
"531","Low","High","Apartment","High"
"532","Low","High","Apartment","High"
"533","Low","High","Apartment","High"
"534","Low","High","Apartment","High"
"535","Low","High","Apartment","High"
"536","Low","High","Apartment","High"
"537","Low","High","Apartment","High"
"538","Low","High","Apartment","High"
"539","Low","High","Apartment","High"
"540","Low","High","Apartment","High"
"541","Low","High","Apartment","High"
"542","Low","High","Apartment","High"
"543","Low","High","Atrium","Low"
"544","Low","High","Atrium","Low"
"545","Low","High","Atrium","Low"
"546","Low","High","Atrium","Low"
"547","Low","High","Atrium","Low"
"548","Low","High","Atrium","Low"
"549","Low","High","Atrium","High"
"550","Low","High","Atrium","High"
"551","Low","High","Atrium","High"
"552","Low","High","Atrium","High"
"553","Low","High","Atrium","High"
"554","Low","High","Atrium","High"
"555","Low","High","Atrium","High"
"556","Low","High","Terrace","Low"
"557","Low","High","Terrace","Low"
"558","Low","High","Terrace","Low"
"559","Low","High","Terrace","Low"
"560","Low","High","Terrace","Low"
"561","Low","High","Terrace","Low"
"562","Low","High","Terrace","Low"
"563","Low","High","Terrace","High"
"564","Low","High","Terrace","High"
"565","Low","High","Terrace","High"
"566","Low","High","Terrace","High"
"567","Low","High","Terrace","High"
"568","Medium","Low","Tower","Low"
"569","Medium","Low","Tower","Low"
"570","Medium","Low","Tower","Low"
"571","Medium","Low","Tower","Low"
"572","Medium","Low","Tower","Low"
"573","Medium","Low","Tower","Low"
"574","Medium","Low","Tower","Low"
"575","Medium","Low","Tower","Low"
"576","Medium","Low","Tower","Low"
"577","Medium","Low","Tower","Low"
"578","Medium","Low","Tower","Low"
"579","Medium","Low","Tower","Low"
"580","Medium","Low","Tower","Low"
"581","Medium","Low","Tower","Low"
"582","Medium","Low","Tower","Low"
"583","Medium","Low","Tower","Low"
"584","Medium","Low","Tower","Low"
"585","Medium","Low","Tower","Low"
"586","Medium","Low","Tower","Low"
"587","Medium","Low","Tower","Low"
"588","Medium","Low","Tower","Low"
"589","Medium","Low","Tower","High"
"590","Medium","Low","Tower","High"
"591","Medium","Low","Tower","High"
"592","Medium","Low","Tower","High"
"593","Medium","Low","Tower","High"
"594","Medium","Low","Tower","High"
"595","Medium","Low","Tower","High"
"596","Medium","Low","Tower","High"
"597","Medium","Low","Tower","High"
"598","Medium","Low","Tower","High"
"599","Medium","Low","Tower","High"
"600","Medium","Low","Tower","High"
"601","Medium","Low","Tower","High"
"602","Medium","Low","Tower","High"
"603","Medium","Low","Tower","High"
"604","Medium","Low","Tower","High"
"605","Medium","Low","Tower","High"
"606","Medium","Low","Tower","High"
"607","Medium","Low","Tower","High"
"608","Medium","Low","Apartment","Low"
"609","Medium","Low","Apartment","Low"
"610","Medium","Low","Apartment","Low"
"611","Medium","Low","Apartment","Low"
"612","Medium","Low","Apartment","Low"
"613","Medium","Low","Apartment","Low"
"614","Medium","Low","Apartment","Low"
"615","Medium","Low","Apartment","Low"
"616","Medium","Low","Apartment","Low"
"617","Medium","Low","Apartment","Low"
"618","Medium","Low","Apartment","Low"
"619","Medium","Low","Apartment","Low"
"620","Medium","Low","Apartment","Low"
"621","Medium","Low","Apartment","Low"
"622","Medium","Low","Apartment","Low"
"623","Medium","Low","Apartment","Low"
"624","Medium","Low","Apartment","Low"
"625","Medium","Low","Apartment","Low"
"626","Medium","Low","Apartment","Low"
"627","Medium","Low","Apartment","Low"
"628","Medium","Low","Apartment","Low"
"629","Medium","Low","Apartment","Low"
"630","Medium","Low","Apartment","Low"
"631","Medium","Low","Apartment","High"
"632","Medium","Low","Apartment","High"
"633","Medium","Low","Apartment","High"
"634","Medium","Low","Apartment","High"
"635","Medium","Low","Apartment","High"
"636","Medium","Low","Apartment","High"
"637","Medium","Low","Apartment","High"
"638","Medium","Low","Apartment","High"
"639","Medium","Low","Apartment","High"
"640","Medium","Low","Apartment","High"
"641","Medium","Low","Apartment","High"
"642","Medium","Low","Apartment","High"
"643","Medium","Low","Apartment","High"
"644","Medium","Low","Apartment","High"
"645","Medium","Low","Apartment","High"
"646","Medium","Low","Apartment","High"
"647","Medium","Low","Apartment","High"
"648","Medium","Low","Apartment","High"
"649","Medium","Low","Apartment","High"
"650","Medium","Low","Apartment","High"
"651","Medium","Low","Apartment","High"
"652","Medium","Low","Apartment","High"
"653","Medium","Low","Apartment","High"
"654","Medium","Low","Apartment","High"
"655","Medium","Low","Apartment","High"
"656","Medium","Low","Apartment","High"
"657","Medium","Low","Apartment","High"
"658","Medium","Low","Apartment","High"
"659","Medium","Low","Apartment","High"
"660","Medium","Low","Apartment","High"
"661","Medium","Low","Apartment","High"
"662","Medium","Low","Apartment","High"
"663","Medium","Low","Apartment","High"
"664","Medium","Low","Apartment","High"
"665","Medium","Low","Apartment","High"
"666","Medium","Low","Apartment","High"
"667","Medium","Low","Apartment","High"
"668","Medium","Low","Apartment","High"
"669","Medium","Low","Apartment","High"
"670","Medium","Low","Apartment","High"
"671","Medium","Low","Apartment","High"
"672","Medium","Low","Apartment","High"
"673","Medium","Low","Apartment","High"
"674","Medium","Low","Apartment","High"
"675","Medium","Low","Apartment","High"
"676","Medium","Low","Apartment","High"
"677","Medium","Low","Atrium","Low"
"678","Medium","Low","Atrium","Low"
"679","Medium","Low","Atrium","Low"
"680","Medium","Low","Atrium","Low"
"681","Medium","Low","Atrium","Low"
"682","Medium","Low","Atrium","Low"
"683","Medium","Low","Atrium","Low"
"684","Medium","Low","Atrium","Low"
"685","Medium","Low","Atrium","Low"
"686","Medium","Low","Atrium","High"
"687","Medium","Low","Atrium","High"
"688","Medium","Low","Atrium","High"
"689","Medium","Low","Atrium","High"
"690","Medium","Low","Atrium","High"
"691","Medium","Low","Atrium","High"
"692","Medium","Low","Atrium","High"
"693","Medium","Low","Atrium","High"
"694","Medium","Low","Atrium","High"
"695","Medium","Low","Atrium","High"
"696","Medium","Low","Atrium","High"
"697","Medium","Low","Atrium","High"
"698","Medium","Low","Atrium","High"
"699","Medium","Low","Atrium","High"
"700","Medium","Low","Atrium","High"
"701","Medium","Low","Atrium","High"
"702","Medium","Low","Atrium","High"
"703","Medium","Low","Atrium","High"
"704","Medium","Low","Atrium","High"
"705","Medium","Low","Atrium","High"
"706","Medium","Low","Atrium","High"
"707","Medium","Low","Atrium","High"
"708","Medium","Low","Atrium","High"
"709","Medium","Low","Terrace","Low"
"710","Medium","Low","Terrace","Low"
"711","Medium","Low","Terrace","Low"
"712","Medium","Low","Terrace","Low"
"713","Medium","Low","Terrace","Low"
"714","Medium","Low","Terrace","Low"
"715","Medium","Low","Terrace","High"
"716","Medium","Low","Terrace","High"
"717","Medium","Low","Terrace","High"
"718","Medium","Low","Terrace","High"
"719","Medium","Low","Terrace","High"
"720","Medium","Low","Terrace","High"
"721","Medium","Low","Terrace","High"
"722","Medium","Low","Terrace","High"
"723","Medium","Low","Terrace","High"
"724","Medium","Low","Terrace","High"
"725","Medium","Low","Terrace","High"
"726","Medium","Low","Terrace","High"
"727","Medium","Low","Terrace","High"
"728","Medium","Low","Terrace","High"
"729","Medium","Low","Terrace","High"
"730","Medium","Low","Terrace","High"
"731","Medium","Low","Terrace","High"
"732","Medium","Low","Terrace","High"
"733","Medium","Low","Terrace","High"
"734","Medium","Low","Terrace","High"
"735","Medium","Low","Terrace","High"
"736","Medium","Low","Terrace","High"
"737","Medium","Low","Terrace","High"
"738","Medium","Medium","Tower","Low"
"739","Medium","Medium","Tower","Low"
"740","Medium","Medium","Tower","Low"
"741","Medium","Medium","Tower","Low"
"742","Medium","Medium","Tower","Low"
"743","Medium","Medium","Tower","Low"
"744","Medium","Medium","Tower","Low"
"745","Medium","Medium","Tower","Low"
"746","Medium","Medium","Tower","Low"
"747","Medium","Medium","Tower","Low"
"748","Medium","Medium","Tower","Low"
"749","Medium","Medium","Tower","Low"
"750","Medium","Medium","Tower","Low"
"751","Medium","Medium","Tower","Low"
"752","Medium","Medium","Tower","Low"
"753","Medium","Medium","Tower","Low"
"754","Medium","Medium","Tower","Low"
"755","Medium","Medium","Tower","Low"
"756","Medium","Medium","Tower","Low"
"757","Medium","Medium","Tower","Low"
"758","Medium","Medium","Tower","Low"
"759","Medium","Medium","Tower","Low"
"760","Medium","Medium","Tower","High"
"761","Medium","Medium","Tower","High"
"762","Medium","Medium","Tower","High"
"763","Medium","Medium","Tower","High"
"764","Medium","Medium","Tower","High"
"765","Medium","Medium","Tower","High"
"766","Medium","Medium","Tower","High"
"767","Medium","Medium","Tower","High"
"768","Medium","Medium","Tower","High"
"769","Medium","Medium","Tower","High"
"770","Medium","Medium","Tower","High"
"771","Medium","Medium","Tower","High"
"772","Medium","Medium","Tower","High"
"773","Medium","Medium","Tower","High"
"774","Medium","Medium","Tower","High"
"775","Medium","Medium","Tower","High"
"776","Medium","Medium","Tower","High"
"777","Medium","Medium","Tower","High"
"778","Medium","Medium","Tower","High"
"779","Medium","Medium","Tower","High"
"780","Medium","Medium","Tower","High"
"781","Medium","Medium","Tower","High"
"782","Medium","Medium","Tower","High"
"783","Medium","Medium","Apartment","Low"
"784","Medium","Medium","Apartment","Low"
"785","Medium","Medium","Apartment","Low"
"786","Medium","Medium","Apartment","Low"
"787","Medium","Medium","Apartment","Low"
"788","Medium","Medium","Apartment","Low"
"789","Medium","Medium","Apartment","Low"
"790","Medium","Medium","Apartment","Low"
"791","Medium","Medium","Apartment","Low"
"792","Medium","Medium","Apartment","Low"
"793","Medium","Medium","Apartment","Low"
"794","Medium","Medium","Apartment","Low"
"795","Medium","Medium","Apartment","Low"
"796","Medium","Medium","Apartment","Low"
"797","Medium","Medium","Apartment","Low"
"798","Medium","Medium","Apartment","Low"
"799","Medium","Medium","Apartment","Low"
"800","Medium","Medium","Apartment","Low"
"801","Medium","Medium","Apartment","Low"
"802","Medium","Medium","Apartment","Low"
"803","Medium","Medium","Apartment","Low"
"804","Medium","Medium","Apartment","Low"
"805","Medium","Medium","Apartment","Low"
"806","Medium","Medium","Apartment","Low"
"807","Medium","Medium","Apartment","Low"
"808","Medium","Medium","Apartment","Low"
"809","Medium","Medium","Apartment","Low"
"810","Medium","Medium","Apartment","Low"
"811","Medium","Medium","Apartment","Low"
"812","Medium","Medium","Apartment","Low"
"813","Medium","Medium","Apartment","Low"
"814","Medium","Medium","Apartment","Low"
"815","Medium","Medium","Apartment","Low"
"816","Medium","Medium","Apartment","Low"
"817","Medium","Medium","Apartment","Low"
"818","Medium","Medium","Apartment","High"
"819","Medium","Medium","Apartment","High"
"820","Medium","Medium","Apartment","High"
"821","Medium","Medium","Apartment","High"
"822","Medium","Medium","Apartment","High"
"823","Medium","Medium","Apartment","High"
"824","Medium","Medium","Apartment","High"
"825","Medium","Medium","Apartment","High"
"826","Medium","Medium","Apartment","High"
"827","Medium","Medium","Apartment","High"
"828","Medium","Medium","Apartment","High"
"829","Medium","Medium","Apartment","High"
"830","Medium","Medium","Apartment","High"
"831","Medium","Medium","Apartment","High"
"832","Medium","Medium","Apartment","High"
"833","Medium","Medium","Apartment","High"
"834","Medium","Medium","Apartment","High"
"835","Medium","Medium","Apartment","High"
"836","Medium","Medium","Apartment","High"
"837","Medium","Medium","Apartment","High"
"838","Medium","Medium","Apartment","High"
"839","Medium","Medium","Apartment","High"
"840","Medium","Medium","Apartment","High"
"841","Medium","Medium","Apartment","High"
"842","Medium","Medium","Apartment","High"
"843","Medium","Medium","Apartment","High"
"844","Medium","Medium","Apartment","High"
"845","Medium","Medium","Apartment","High"
"846","Medium","Medium","Apartment","High"
"847","Medium","Medium","Apartment","High"
"848","Medium","Medium","Apartment","High"
"849","Medium","Medium","Apartment","High"
"850","Medium","Medium","Apartment","High"
"851","Medium","Medium","Apartment","High"
"852","Medium","Medium","Apartment","High"
"853","Medium","Medium","Apartment","High"
"854","Medium","Medium","Apartment","High"
"855","Medium","Medium","Apartment","High"
"856","Medium","Medium","Apartment","High"
"857","Medium","Medium","Apartment","High"
"858","Medium","Medium","Apartment","High"
"859","Medium","Medium","Apartment","High"
"860","Medium","Medium","Apartment","High"
"861","Medium","Medium","Apartment","High"
"862","Medium","Medium","Apartment","High"
"863","Medium","Medium","Atrium","Low"
"864","Medium","Medium","Atrium","Low"
"865","Medium","Medium","Atrium","Low"
"866","Medium","Medium","Atrium","Low"
"867","Medium","Medium","Atrium","Low"
"868","Medium","Medium","Atrium","Low"
"869","Medium","Medium","Atrium","Low"
"870","Medium","Medium","Atrium","Low"
"871","Medium","Medium","Atrium","High"
"872","Medium","Medium","Atrium","High"
"873","Medium","Medium","Atrium","High"
"874","Medium","Medium","Atrium","High"
"875","Medium","Medium","Atrium","High"
"876","Medium","Medium","Atrium","High"
"877","Medium","Medium","Atrium","High"
"878","Medium","Medium","Atrium","High"
"879","Medium","Medium","Atrium","High"
"880","Medium","Medium","Atrium","High"
"881","Medium","Medium","Atrium","High"
"882","Medium","Medium","Atrium","High"
"883","Medium","Medium","Atrium","High"
"884","Medium","Medium","Atrium","High"
"885","Medium","Medium","Atrium","High"
"886","Medium","Medium","Atrium","High"
"887","Medium","Medium","Atrium","High"
"888","Medium","Medium","Atrium","High"
"889","Medium","Medium","Atrium","High"
"890","Medium","Medium","Atrium","High"
"891","Medium","Medium","Atrium","High"
"892","Medium","Medium","Atrium","High"
"893","Medium","Medium","Terrace","Low"
"894","Medium","Medium","Terrace","Low"
"895","Medium","Medium","Terrace","Low"
"896","Medium","Medium","Terrace","Low"
"897","Medium","Medium","Terrace","Low"
"898","Medium","Medium","Terrace","Low"
"899","Medium","Medium","Terrace","Low"
"900","Medium","Medium","Terrace","Low"
"901","Medium","Medium","Terrace","Low"
"902","Medium","Medium","Terrace","Low"
"903","Medium","Medium","Terrace","Low"
"904","Medium","Medium","Terrace","Low"
"905","Medium","Medium","Terrace","Low"
"906","Medium","Medium","Terrace","High"
"907","Medium","Medium","Terrace","High"
"908","Medium","Medium","Terrace","High"
"909","Medium","Medium","Terrace","High"
"910","Medium","Medium","Terrace","High"
"911","Medium","Medium","Terrace","High"
"912","Medium","Medium","Terrace","High"
"913","Medium","Medium","Terrace","High"
"914","Medium","Medium","Terrace","High"
"915","Medium","Medium","Terrace","High"
"916","Medium","Medium","Terrace","High"
"917","Medium","Medium","Terrace","High"
"918","Medium","Medium","Terrace","High"
"919","Medium","Medium","Terrace","High"
"920","Medium","Medium","Terrace","High"
"921","Medium","Medium","Terrace","High"
"922","Medium","Medium","Terrace","High"
"923","Medium","Medium","Terrace","High"
"924","Medium","Medium","Terrace","High"
"925","Medium","Medium","Terrace","High"
"926","Medium","Medium","Terrace","High"
"927","Medium","High","Tower","Low"
"928","Medium","High","Tower","Low"
"929","Medium","High","Tower","Low"
"930","Medium","High","Tower","Low"
"931","Medium","High","Tower","Low"
"932","Medium","High","Tower","Low"
"933","Medium","High","Tower","Low"
"934","Medium","High","Tower","Low"
"935","Medium","High","Tower","Low"
"936","Medium","High","Tower","Low"
"937","Medium","High","Tower","Low"
"938","Medium","High","Tower","High"
"939","Medium","High","Tower","High"
"940","Medium","High","Tower","High"
"941","Medium","High","Tower","High"
"942","Medium","High","Tower","High"
"943","Medium","High","Apartment","Low"
"944","Medium","High","Apartment","Low"
"945","Medium","High","Apartment","Low"
"946","Medium","High","Apartment","Low"
"947","Medium","High","Apartment","Low"
"948","Medium","High","Apartment","Low"
"949","Medium","High","Apartment","Low"
"950","Medium","High","Apartment","Low"
"951","Medium","High","Apartment","Low"
"952","Medium","High","Apartment","Low"
"953","Medium","High","Apartment","Low"
"954","Medium","High","Apartment","Low"
"955","Medium","High","Apartment","Low"
"956","Medium","High","Apartment","Low"
"957","Medium","High","Apartment","Low"
"958","Medium","High","Apartment","Low"
"959","Medium","High","Apartment","Low"
"960","Medium","High","Apartment","Low"
"961","Medium","High","Apartment","High"
"962","Medium","High","Apartment","High"
"963","Medium","High","Apartment","High"
"964","Medium","High","Apartment","High"
"965","Medium","High","Apartment","High"
"966","Medium","High","Apartment","High"
"967","Medium","High","Apartment","High"
"968","Medium","High","Apartment","High"
"969","Medium","High","Apartment","High"
"970","Medium","High","Apartment","High"
"971","Medium","High","Apartment","High"
"972","Medium","High","Apartment","High"
"973","Medium","High","Apartment","High"
"974","Medium","High","Apartment","High"
"975","Medium","High","Apartment","High"
"976","Medium","High","Apartment","High"
"977","Medium","High","Apartment","High"
"978","Medium","High","Apartment","High"
"979","Medium","High","Apartment","High"
"980","Medium","High","Apartment","High"
"981","Medium","High","Apartment","High"
"982","Medium","High","Apartment","High"
"983","Medium","High","Apartment","High"
"984","Medium","High","Apartment","High"
"985","Medium","High","Apartment","High"
"986","Medium","High","Atrium","Low"
"987","Medium","High","Atrium","Low"
"988","Medium","High","Atrium","Low"
"989","Medium","High","Atrium","Low"
"990","Medium","High","Atrium","Low"
"991","Medium","High","Atrium","Low"
"992","Medium","High","Atrium","Low"
"993","Medium","High","Atrium","High"
"994","Medium","High","Atrium","High"
"995","Medium","High","Atrium","High"
"996","Medium","High","Atrium","High"
"997","Medium","High","Atrium","High"
"998","Medium","High","Atrium","High"
"999","Medium","High","Atrium","High"
"1000","Medium","High","Atrium","High"
"1001","Medium","High","Atrium","High"
"1002","Medium","High","Atrium","High"
"1003","Medium","High","Terrace","Low"
"1004","Medium","High","Terrace","Low"
"1005","Medium","High","Terrace","Low"
"1006","Medium","High","Terrace","Low"
"1007","Medium","High","Terrace","Low"
"1008","Medium","High","Terrace","High"
"1009","Medium","High","Terrace","High"
"1010","Medium","High","Terrace","High"
"1011","Medium","High","Terrace","High"
"1012","Medium","High","Terrace","High"
"1013","Medium","High","Terrace","High"
"1014","High","Low","Tower","Low"
"1015","High","Low","Tower","Low"
"1016","High","Low","Tower","Low"
"1017","High","Low","Tower","Low"
"1018","High","Low","Tower","Low"
"1019","High","Low","Tower","Low"
"1020","High","Low","Tower","Low"
"1021","High","Low","Tower","Low"
"1022","High","Low","Tower","Low"
"1023","High","Low","Tower","Low"
"1024","High","Low","Tower","Low"
"1025","High","Low","Tower","Low"
"1026","High","Low","Tower","Low"
"1027","High","Low","Tower","Low"
"1028","High","Low","Tower","Low"
"1029","High","Low","Tower","Low"
"1030","High","Low","Tower","Low"
"1031","High","Low","Tower","Low"
"1032","High","Low","Tower","Low"
"1033","High","Low","Tower","Low"
"1034","High","Low","Tower","Low"
"1035","High","Low","Tower","Low"
"1036","High","Low","Tower","Low"
"1037","High","Low","Tower","Low"
"1038","High","Low","Tower","Low"
"1039","High","Low","Tower","Low"
"1040","High","Low","Tower","Low"
"1041","High","Low","Tower","Low"
"1042","High","Low","Tower","High"
"1043","High","Low","Tower","High"
"1044","High","Low","Tower","High"
"1045","High","Low","Tower","High"
"1046","High","Low","Tower","High"
"1047","High","Low","Tower","High"
"1048","High","Low","Tower","High"
"1049","High","Low","Tower","High"
"1050","High","Low","Tower","High"
"1051","High","Low","Tower","High"
"1052","High","Low","Tower","High"
"1053","High","Low","Tower","High"
"1054","High","Low","Tower","High"
"1055","High","Low","Tower","High"
"1056","High","Low","Tower","High"
"1057","High","Low","Tower","High"
"1058","High","Low","Tower","High"
"1059","High","Low","Tower","High"
"1060","High","Low","Tower","High"
"1061","High","Low","Tower","High"
"1062","High","Low","Tower","High"
"1063","High","Low","Tower","High"
"1064","High","Low","Tower","High"
"1065","High","Low","Tower","High"
"1066","High","Low","Tower","High"
"1067","High","Low","Tower","High"
"1068","High","Low","Tower","High"
"1069","High","Low","Tower","High"
"1070","High","Low","Tower","High"
"1071","High","Low","Tower","High"
"1072","High","Low","Tower","High"
"1073","High","Low","Tower","High"
"1074","High","Low","Tower","High"
"1075","High","Low","Tower","High"
"1076","High","Low","Tower","High"
"1077","High","Low","Tower","High"
"1078","High","Low","Tower","High"
"1079","High","Low","Apartment","Low"
"1080","High","Low","Apartment","Low"
"1081","High","Low","Apartment","Low"
"1082","High","Low","Apartment","Low"
"1083","High","Low","Apartment","Low"
"1084","High","Low","Apartment","Low"
"1085","High","Low","Apartment","Low"
"1086","High","Low","Apartment","Low"
"1087","High","Low","Apartment","Low"
"1088","High","Low","Apartment","Low"
"1089","High","Low","Apartment","Low"
"1090","High","Low","Apartment","Low"
"1091","High","Low","Apartment","Low"
"1092","High","Low","Apartment","Low"
"1093","High","Low","Apartment","Low"
"1094","High","Low","Apartment","Low"
"1095","High","Low","Apartment","Low"
"1096","High","Low","Apartment","High"
"1097","High","Low","Apartment","High"
"1098","High","Low","Apartment","High"
"1099","High","Low","Apartment","High"
"1100","High","Low","Apartment","High"
"1101","High","Low","Apartment","High"
"1102","High","Low","Apartment","High"
"1103","High","Low","Apartment","High"
"1104","High","Low","Apartment","High"
"1105","High","Low","Apartment","High"
"1106","High","Low","Apartment","High"
"1107","High","Low","Apartment","High"
"1108","High","Low","Apartment","High"
"1109","High","Low","Apartment","High"
"1110","High","Low","Apartment","High"
"1111","High","Low","Apartment","High"
"1112","High","Low","Apartment","High"
"1113","High","Low","Apartment","High"
"1114","High","Low","Apartment","High"
"1115","High","Low","Apartment","High"
"1116","High","Low","Apartment","High"
"1117","High","Low","Apartment","High"
"1118","High","Low","Apartment","High"
"1119","High","Low","Apartment","High"
"1120","High","Low","Apartment","High"
"1121","High","Low","Apartment","High"
"1122","High","Low","Apartment","High"
"1123","High","Low","Apartment","High"
"1124","High","Low","Apartment","High"
"1125","High","Low","Apartment","High"
"1126","High","Low","Apartment","High"
"1127","High","Low","Apartment","High"
"1128","High","Low","Apartment","High"
"1129","High","Low","Apartment","High"
"1130","High","Low","Apartment","High"
"1131","High","Low","Apartment","High"
"1132","High","Low","Apartment","High"
"1133","High","Low","Apartment","High"
"1134","High","Low","Apartment","High"
"1135","High","Low","Apartment","High"
"1136","High","Low","Apartment","High"
"1137","High","Low","Apartment","High"
"1138","High","Low","Apartment","High"
"1139","High","Low","Atrium","Low"
"1140","High","Low","Atrium","Low"
"1141","High","Low","Atrium","Low"
"1142","High","Low","Atrium","Low"
"1143","High","Low","Atrium","Low"
"1144","High","Low","Atrium","Low"
"1145","High","Low","Atrium","Low"
"1146","High","Low","Atrium","Low"
"1147","High","Low","Atrium","Low"
"1148","High","Low","Atrium","Low"
"1149","High","Low","Atrium","High"
"1150","High","Low","Atrium","High"
"1151","High","Low","Atrium","High"
"1152","High","Low","Atrium","High"
"1153","High","Low","Atrium","High"
"1154","High","Low","Atrium","High"
"1155","High","Low","Atrium","High"
"1156","High","Low","Atrium","High"
"1157","High","Low","Atrium","High"
"1158","High","Low","Atrium","High"
"1159","High","Low","Atrium","High"
"1160","High","Low","Atrium","High"
"1161","High","Low","Atrium","High"
"1162","High","Low","Atrium","High"
"1163","High","Low","Atrium","High"
"1164","High","Low","Atrium","High"
"1165","High","Low","Atrium","High"
"1166","High","Low","Atrium","High"
"1167","High","Low","Atrium","High"
"1168","High","Low","Atrium","High"
"1169","High","Low","Terrace","Low"
"1170","High","Low","Terrace","Low"
"1171","High","Low","Terrace","Low"
"1172","High","Low","Terrace","Low"
"1173","High","Low","Terrace","Low"
"1174","High","Low","Terrace","Low"
"1175","High","Low","Terrace","Low"
"1176","High","Low","Terrace","High"
"1177","High","Low","Terrace","High"
"1178","High","Low","Terrace","High"
"1179","High","Low","Terrace","High"
"1180","High","Low","Terrace","High"
"1181","High","Low","Terrace","High"
"1182","High","Low","Terrace","High"
"1183","High","Low","Terrace","High"
"1184","High","Low","Terrace","High"
"1185","High","Low","Terrace","High"
"1186","High","Low","Terrace","High"
"1187","High","Low","Terrace","High"
"1188","High","Low","Terrace","High"
"1189","High","Medium","Tower","Low"
"1190","High","Medium","Tower","Low"
"1191","High","Medium","Tower","Low"
"1192","High","Medium","Tower","Low"
"1193","High","Medium","Tower","Low"
"1194","High","Medium","Tower","Low"
"1195","High","Medium","Tower","Low"
"1196","High","Medium","Tower","Low"
"1197","High","Medium","Tower","Low"
"1198","High","Medium","Tower","Low"
"1199","High","Medium","Tower","Low"
"1200","High","Medium","Tower","Low"
"1201","High","Medium","Tower","Low"
"1202","High","Medium","Tower","Low"
"1203","High","Medium","Tower","Low"
"1204","High","Medium","Tower","Low"
"1205","High","Medium","Tower","Low"
"1206","High","Medium","Tower","Low"
"1207","High","Medium","Tower","Low"
"1208","High","Medium","Tower","Low"
"1209","High","Medium","Tower","Low"
"1210","High","Medium","Tower","Low"
"1211","High","Medium","Tower","Low"
"1212","High","Medium","Tower","Low"
"1213","High","Medium","Tower","Low"
"1214","High","Medium","Tower","Low"
"1215","High","Medium","Tower","Low"
"1216","High","Medium","Tower","Low"
"1217","High","Medium","Tower","Low"
"1218","High","Medium","Tower","Low"
"1219","High","Medium","Tower","Low"
"1220","High","Medium","Tower","Low"
"1221","High","Medium","Tower","Low"
"1222","High","Medium","Tower","Low"
"1223","High","Medium","Tower","Low"
"1224","High","Medium","Tower","Low"
"1225","High","Medium","Tower","High"
"1226","High","Medium","Tower","High"
"1227","High","Medium","Tower","High"
"1228","High","Medium","Tower","High"
"1229","High","Medium","Tower","High"
"1230","High","Medium","Tower","High"
"1231","High","Medium","Tower","High"
"1232","High","Medium","Tower","High"
"1233","High","Medium","Tower","High"
"1234","High","Medium","Tower","High"
"1235","High","Medium","Tower","High"
"1236","High","Medium","Tower","High"
"1237","High","Medium","Tower","High"
"1238","High","Medium","Tower","High"
"1239","High","Medium","Tower","High"
"1240","High","Medium","Tower","High"
"1241","High","Medium","Tower","High"
"1242","High","Medium","Tower","High"
"1243","High","Medium","Tower","High"
"1244","High","Medium","Tower","High"
"1245","High","Medium","Tower","High"
"1246","High","Medium","Tower","High"
"1247","High","Medium","Tower","High"
"1248","High","Medium","Tower","High"
"1249","High","Medium","Tower","High"
"1250","High","Medium","Tower","High"
"1251","High","Medium","Tower","High"
"1252","High","Medium","Tower","High"
"1253","High","Medium","Tower","High"
"1254","High","Medium","Tower","High"
"1255","High","Medium","Tower","High"
"1256","High","Medium","Tower","High"
"1257","High","Medium","Tower","High"
"1258","High","Medium","Tower","High"
"1259","High","Medium","Tower","High"
"1260","High","Medium","Tower","High"
"1261","High","Medium","Tower","High"
"1262","High","Medium","Tower","High"
"1263","High","Medium","Tower","High"
"1264","High","Medium","Tower","High"
"1265","High","Medium","Apartment","Low"
"1266","High","Medium","Apartment","Low"
"1267","High","Medium","Apartment","Low"
"1268","High","Medium","Apartment","Low"
"1269","High","Medium","Apartment","Low"
"1270","High","Medium","Apartment","Low"
"1271","High","Medium","Apartment","Low"
"1272","High","Medium","Apartment","Low"
"1273","High","Medium","Apartment","Low"
"1274","High","Medium","Apartment","Low"
"1275","High","Medium","Apartment","Low"
"1276","High","Medium","Apartment","Low"
"1277","High","Medium","Apartment","Low"
"1278","High","Medium","Apartment","Low"
"1279","High","Medium","Apartment","Low"
"1280","High","Medium","Apartment","Low"
"1281","High","Medium","Apartment","Low"
"1282","High","Medium","Apartment","Low"
"1283","High","Medium","Apartment","Low"
"1284","High","Medium","Apartment","Low"
"1285","High","Medium","Apartment","Low"
"1286","High","Medium","Apartment","Low"
"1287","High","Medium","Apartment","Low"
"1288","High","Medium","Apartment","Low"
"1289","High","Medium","Apartment","Low"
"1290","High","Medium","Apartment","Low"
"1291","High","Medium","Apartment","Low"
"1292","High","Medium","Apartment","Low"
"1293","High","Medium","Apartment","Low"
"1294","High","Medium","Apartment","Low"
"1295","High","Medium","Apartment","Low"
"1296","High","Medium","Apartment","Low"
"1297","High","Medium","Apartment","Low"
"1298","High","Medium","Apartment","Low"
"1299","High","Medium","Apartment","Low"
"1300","High","Medium","Apartment","Low"
"1301","High","Medium","Apartment","Low"
"1302","High","Medium","Apartment","Low"
"1303","High","Medium","Apartment","Low"
"1304","High","Medium","Apartment","Low"
"1305","High","Medium","Apartment","High"
"1306","High","Medium","Apartment","High"
"1307","High","Medium","Apartment","High"
"1308","High","Medium","Apartment","High"
"1309","High","Medium","Apartment","High"
"1310","High","Medium","Apartment","High"
"1311","High","Medium","Apartment","High"
"1312","High","Medium","Apartment","High"
"1313","High","Medium","Apartment","High"
"1314","High","Medium","Apartment","High"
"1315","High","Medium","Apartment","High"
"1316","High","Medium","Apartment","High"
"1317","High","Medium","Apartment","High"
"1318","High","Medium","Apartment","High"
"1319","High","Medium","Apartment","High"
"1320","High","Medium","Apartment","High"
"1321","High","Medium","Apartment","High"
"1322","High","Medium","Apartment","High"
"1323","High","Medium","Apartment","High"
"1324","High","Medium","Apartment","High"
"1325","High","Medium","Apartment","High"
"1326","High","Medium","Apartment","High"
"1327","High","Medium","Apartment","High"
"1328","High","Medium","Apartment","High"
"1329","High","Medium","Apartment","High"
"1330","High","Medium","Apartment","High"
"1331","High","Medium","Apartment","High"
"1332","High","Medium","Apartment","High"
"1333","High","Medium","Apartment","High"
"1334","High","Medium","Apartment","High"
"1335","High","Medium","Apartment","High"
"1336","High","Medium","Apartment","High"
"1337","High","Medium","Apartment","High"
"1338","High","Medium","Apartment","High"
"1339","High","Medium","Apartment","High"
"1340","High","Medium","Apartment","High"
"1341","High","Medium","Apartment","High"
"1342","High","Medium","Apartment","High"
"1343","High","Medium","Apartment","High"
"1344","High","Medium","Apartment","High"
"1345","High","Medium","Apartment","High"
"1346","High","Medium","Apartment","High"
"1347","High","Medium","Apartment","High"
"1348","High","Medium","Apartment","High"
"1349","High","Medium","Apartment","High"
"1350","High","Medium","Apartment","High"
"1351","High","Medium","Apartment","High"
"1352","High","Medium","Apartment","High"
"1353","High","Medium","Apartment","High"
"1354","High","Medium","Apartment","High"
"1355","High","Medium","Apartment","High"
"1356","High","Medium","Apartment","High"
"1357","High","Medium","Apartment","High"
"1358","High","Medium","Apartment","High"
"1359","High","Medium","Apartment","High"
"1360","High","Medium","Apartment","High"
"1361","High","Medium","Apartment","High"
"1362","High","Medium","Apartment","High"
"1363","High","Medium","Apartment","High"
"1364","High","Medium","Apartment","High"
"1365","High","Medium","Apartment","High"
"1366","High","Medium","Apartment","High"
"1367","High","Medium","Apartment","High"
"1368","High","Medium","Apartment","High"
"1369","High","Medium","Apartment","High"
"1370","High","Medium","Apartment","High"
"1371","High","Medium","Apartment","High"
"1372","High","Medium","Apartment","High"
"1373","High","Medium","Apartment","High"
"1374","High","Medium","Apartment","High"
"1375","High","Medium","Apartment","High"
"1376","High","Medium","Apartment","High"
"1377","High","Medium","Apartment","High"
"1378","High","Medium","Apartment","High"
"1379","High","Medium","Apartment","High"
"1380","High","Medium","Apartment","High"
"1381","High","Medium","Apartment","High"
"1382","High","Medium","Apartment","High"
"1383","High","Medium","Apartment","High"
"1384","High","Medium","Apartment","High"
"1385","High","Medium","Apartment","High"
"1386","High","Medium","Apartment","High"
"1387","High","Medium","Apartment","High"
"1388","High","Medium","Apartment","High"
"1389","High","Medium","Apartment","High"
"1390","High","Medium","Apartment","High"
"1391","High","Medium","Atrium","Low"
"1392","High","Medium","Atrium","Low"
"1393","High","Medium","Atrium","Low"
"1394","High","Medium","Atrium","Low"
"1395","High","Medium","Atrium","Low"
"1396","High","Medium","Atrium","Low"
"1397","High","Medium","Atrium","Low"
"1398","High","Medium","Atrium","Low"
"1399","High","Medium","Atrium","Low"
"1400","High","Medium","Atrium","Low"
"1401","High","Medium","Atrium","Low"
"1402","High","Medium","Atrium","Low"
"1403","High","Medium","Atrium","High"
"1404","High","Medium","Atrium","High"
"1405","High","Medium","Atrium","High"
"1406","High","Medium","Atrium","High"
"1407","High","Medium","Atrium","High"
"1408","High","Medium","Atrium","High"
"1409","High","Medium","Atrium","High"
"1410","High","Medium","Atrium","High"
"1411","High","Medium","Atrium","High"
"1412","High","Medium","Atrium","High"
"1413","High","Medium","Atrium","High"
"1414","High","Medium","Atrium","High"
"1415","High","Medium","Atrium","High"
"1416","High","Medium","Atrium","High"
"1417","High","Medium","Atrium","High"
"1418","High","Medium","Atrium","High"
"1419","High","Medium","Atrium","High"
"1420","High","Medium","Atrium","High"
"1421","High","Medium","Atrium","High"
"1422","High","Medium","Atrium","High"
"1423","High","Medium","Atrium","High"
"1424","High","Medium","Atrium","High"
"1425","High","Medium","Atrium","High"
"1426","High","Medium","Atrium","High"
"1427","High","Medium","Terrace","Low"
"1428","High","Medium","Terrace","Low"
"1429","High","Medium","Terrace","Low"
"1430","High","Medium","Terrace","Low"
"1431","High","Medium","Terrace","Low"
"1432","High","Medium","Terrace","Low"
"1433","High","Medium","Terrace","Low"
"1434","High","Medium","Terrace","Low"
"1435","High","Medium","Terrace","Low"
"1436","High","Medium","Terrace","Low"
"1437","High","Medium","Terrace","Low"
"1438","High","Medium","Terrace","Low"
"1439","High","Medium","Terrace","Low"
"1440","High","Medium","Terrace","High"
"1441","High","Medium","Terrace","High"
"1442","High","Medium","Terrace","High"
"1443","High","Medium","Terrace","High"
"1444","High","Medium","Terrace","High"
"1445","High","Medium","Terrace","High"
"1446","High","Medium","Terrace","High"
"1447","High","Medium","Terrace","High"
"1448","High","Medium","Terrace","High"
"1449","High","Medium","Terrace","High"
"1450","High","Medium","Terrace","High"
"1451","High","Medium","Terrace","High"
"1452","High","Medium","Terrace","High"
"1453","High","High","Tower","Low"
"1454","High","High","Tower","Low"
"1455","High","High","Tower","Low"
"1456","High","High","Tower","Low"
"1457","High","High","Tower","Low"
"1458","High","High","Tower","Low"
"1459","High","High","Tower","Low"
"1460","High","High","Tower","Low"
"1461","High","High","Tower","Low"
"1462","High","High","Tower","Low"
"1463","High","High","Tower","Low"
"1464","High","High","Tower","Low"
"1465","High","High","Tower","Low"
"1466","High","High","Tower","Low"
"1467","High","High","Tower","Low"
"1468","High","High","Tower","Low"
"1469","High","High","Tower","Low"
"1470","High","High","Tower","Low"
"1471","High","High","Tower","Low"
"1472","High","High","Tower","Low"
"1473","High","High","Tower","Low"
"1474","High","High","Tower","Low"
"1475","High","High","Tower","Low"
"1476","High","High","Tower","Low"
"1477","High","High","Tower","Low"
"1478","High","High","Tower","Low"
"1479","High","High","Tower","Low"
"1480","High","High","Tower","Low"
"1481","High","High","Tower","Low"
"1482","High","High","Tower","Low"
"1483","High","High","Tower","Low"
"1484","High","High","Tower","Low"
"1485","High","High","Tower","Low"
"1486","High","High","Tower","Low"
"1487","High","High","Tower","Low"
"1488","High","High","Tower","Low"
"1489","High","High","Tower","High"
"1490","High","High","Tower","High"
"1491","High","High","Tower","High"
"1492","High","High","Tower","High"
"1493","High","High","Tower","High"
"1494","High","High","Tower","High"
"1495","High","High","Tower","High"
"1496","High","High","Tower","High"
"1497","High","High","Tower","High"
"1498","High","High","Tower","High"
"1499","High","High","Tower","High"
"1500","High","High","Tower","High"
"1501","High","High","Tower","High"
"1502","High","High","Tower","High"
"1503","High","High","Tower","High"
"1504","High","High","Tower","High"
"1505","High","High","Tower","High"
"1506","High","High","Tower","High"
"1507","High","High","Tower","High"
"1508","High","High","Tower","High"
"1509","High","High","Tower","High"
"1510","High","High","Tower","High"
"1511","High","High","Tower","High"
"1512","High","High","Apartment","Low"
"1513","High","High","Apartment","Low"
"1514","High","High","Apartment","Low"
"1515","High","High","Apartment","Low"
"1516","High","High","Apartment","Low"
"1517","High","High","Apartment","Low"
"1518","High","High","Apartment","Low"
"1519","High","High","Apartment","Low"
"1520","High","High","Apartment","Low"
"1521","High","High","Apartment","Low"
"1522","High","High","Apartment","Low"
"1523","High","High","Apartment","Low"
"1524","High","High","Apartment","Low"
"1525","High","High","Apartment","Low"
"1526","High","High","Apartment","Low"
"1527","High","High","Apartment","Low"
"1528","High","High","Apartment","Low"
"1529","High","High","Apartment","Low"
"1530","High","High","Apartment","Low"
"1531","High","High","Apartment","Low"
"1532","High","High","Apartment","Low"
"1533","High","High","Apartment","Low"
"1534","High","High","Apartment","Low"
"1535","High","High","Apartment","Low"
"1536","High","High","Apartment","Low"
"1537","High","High","Apartment","Low"
"1538","High","High","Apartment","Low"
"1539","High","High","Apartment","Low"
"1540","High","High","Apartment","Low"
"1541","High","High","Apartment","Low"
"1542","High","High","Apartment","Low"
"1543","High","High","Apartment","Low"
"1544","High","High","Apartment","Low"
"1545","High","High","Apartment","Low"
"1546","High","High","Apartment","Low"
"1547","High","High","Apartment","Low"
"1548","High","High","Apartment","Low"
"1549","High","High","Apartment","Low"
"1550","High","High","Apartment","Low"
"1551","High","High","Apartment","Low"
"1552","High","High","Apartment","Low"
"1553","High","High","Apartment","Low"
"1554","High","High","Apartment","Low"
"1555","High","High","Apartment","Low"
"1556","High","High","Apartment","Low"
"1557","High","High","Apartment","Low"
"1558","High","High","Apartment","Low"
"1559","High","High","Apartment","Low"
"1560","High","High","Apartment","Low"
"1561","High","High","Apartment","Low"
"1562","High","High","Apartment","Low"
"1563","High","High","Apartment","Low"
"1564","High","High","Apartment","Low"
"1565","High","High","Apartment","Low"
"1566","High","High","Apartment","High"
"1567","High","High","Apartment","High"
"1568","High","High","Apartment","High"
"1569","High","High","Apartment","High"
"1570","High","High","Apartment","High"
"1571","High","High","Apartment","High"
"1572","High","High","Apartment","High"
"1573","High","High","Apartment","High"
"1574","High","High","Apartment","High"
"1575","High","High","Apartment","High"
"1576","High","High","Apartment","High"
"1577","High","High","Apartment","High"
"1578","High","High","Apartment","High"
"1579","High","High","Apartment","High"
"1580","High","High","Apartment","High"
"1581","High","High","Apartment","High"
"1582","High","High","Apartment","High"
"1583","High","High","Apartment","High"
"1584","High","High","Apartment","High"
"1585","High","High","Apartment","High"
"1586","High","High","Apartment","High"
"1587","High","High","Apartment","High"
"1588","High","High","Apartment","High"
"1589","High","High","Apartment","High"
"1590","High","High","Apartment","High"
"1591","High","High","Apartment","High"
"1592","High","High","Apartment","High"
"1593","High","High","Apartment","High"
"1594","High","High","Apartment","High"
"1595","High","High","Apartment","High"
"1596","High","High","Apartment","High"
"1597","High","High","Apartment","High"
"1598","High","High","Apartment","High"
"1599","High","High","Apartment","High"
"1600","High","High","Apartment","High"
"1601","High","High","Apartment","High"
"1602","High","High","Apartment","High"
"1603","High","High","Apartment","High"
"1604","High","High","Apartment","High"
"1605","High","High","Apartment","High"
"1606","High","High","Apartment","High"
"1607","High","High","Apartment","High"
"1608","High","High","Apartment","High"
"1609","High","High","Apartment","High"
"1610","High","High","Apartment","High"
"1611","High","High","Apartment","High"
"1612","High","High","Apartment","High"
"1613","High","High","Apartment","High"
"1614","High","High","Apartment","High"
"1615","High","High","Apartment","High"
"1616","High","High","Apartment","High"
"1617","High","High","Apartment","High"
"1618","High","High","Apartment","High"
"1619","High","High","Apartment","High"
"1620","High","High","Apartment","High"
"1621","High","High","Apartment","High"
"1622","High","High","Apartment","High"
"1623","High","High","Apartment","High"
"1624","High","High","Apartment","High"
"1625","High","High","Apartment","High"
"1626","High","High","Apartment","High"
"1627","High","High","Apartment","High"
"1628","High","High","Atrium","Low"
"1629","High","High","Atrium","Low"
"1630","High","High","Atrium","Low"
"1631","High","High","Atrium","Low"
"1632","High","High","Atrium","Low"
"1633","High","High","Atrium","Low"
"1634","High","High","Atrium","Low"
"1635","High","High","Atrium","Low"
"1636","High","High","Atrium","Low"
"1637","High","High","Atrium","High"
"1638","High","High","Atrium","High"
"1639","High","High","Atrium","High"
"1640","High","High","Atrium","High"
"1641","High","High","Atrium","High"
"1642","High","High","Atrium","High"
"1643","High","High","Atrium","High"
"1644","High","High","Atrium","High"
"1645","High","High","Atrium","High"
"1646","High","High","Atrium","High"
"1647","High","High","Atrium","High"
"1648","High","High","Atrium","High"
"1649","High","High","Atrium","High"
"1650","High","High","Atrium","High"
"1651","High","High","Atrium","High"
"1652","High","High","Atrium","High"
"1653","High","High","Atrium","High"
"1654","High","High","Atrium","High"
"1655","High","High","Atrium","High"
"1656","High","High","Atrium","High"
"1657","High","High","Atrium","High"
"1658","High","High","Terrace","Low"
"1659","High","High","Terrace","Low"
"1660","High","High","Terrace","Low"
"1661","High","High","Terrace","Low"
"1662","High","High","Terrace","Low"
"1663","High","High","Terrace","Low"
"1664","High","High","Terrace","Low"
"1665","High","High","Terrace","Low"
"1666","High","High","Terrace","Low"
"1667","High","High","Terrace","Low"
"1668","High","High","Terrace","Low"
"1669","High","High","Terrace","High"
"1670","High","High","Terrace","High"
"1671","High","High","Terrace","High"
"1672","High","High","Terrace","High"
"1673","High","High","Terrace","High"
"1674","High","High","Terrace","High"
"1675","High","High","Terrace","High"
"1676","High","High","Terrace","High"
"1677","High","High","Terrace","High"
"1678","High","High","Terrace","High"
"1679","High","High","Terrace","High"
"1680","High","High","Terrace","High"
"1681","High","High","Terrace","High"
